SNP,REF,ALT,0|0,0|1,1|1
rs4660761,A,G,0,-0.0943107,-0.1886214
rs848293,A,G,0,-0.1165338,-0.2330675
rs17592552,T,C,0,-0.1278334,-0.2556668
rs2073499,A,G,0,-0.1053605,-0.210721
rs76442143,T,C,0,0.1133287,0.2266574
rs10935182,A,G,0,-0.1053605,-0.210721
rs4856763,A,G,0,-0.0833816,-0.1667632
rs13096176,T,C,0,-0.1165338,-0.2330675
rs6832165,C,G,0,0.1133287,0.2266574
rs13142920,A,C,0,-0.0833816,-0.1667632
rs4479913,A,G,0,0.1133287,0.2266574
rs320696,A,C,0,-0.0943107,-0.1886214
rs11986274,T,C,0,0.0769610,0.1539221
rs2612614,A,G,0,0.1043600,0.20872
rs4147157,A,G,0,-0.1165338,-0.2330675
rs10861879,A,G,0,0.0769610,0.1539221
rs1984658,A,G,0,-0.1053605,-0.210721
rs9567393,A,G,0,0.0861777,0.1723554
rs9890128,T,C,0,-0.1053605,-0.210721
rs11665111,T,C,0,0.0861777,0.1723554
rs55642704,T,C,0,0.0861777,0.1723554

